dinosaurio,tokens
aachenosaurus,a a cheno sauru s </EOW>
aardonyx,a ar don y x </EOW>
abdallahsaurus,ab dal la h sauru s </EOW>
abelisaurus,abelisauru s </EOW>
abrictosaurus,ab ri c to sauru s </EOW>
abrosaurus,ab ro sauru s </EOW>
abydosaurus,aby do sauru s </EOW>
acanthopholis,a can thopho lis </EOW>
achelousaurus,a chelo u sauru s </EOW>
acheroraptor,a cherora p tor </EOW>
achillesaurus,a chil le sauru s </EOW>
achillobator,a chil lo bator </EOW>
acristavus,a crista vu s </EOW>
acrocanthosaurus,a cro can tho sauru s </EOW>
acrotholus,a cro tho lu s </EOW>
actiosaurus,a c ti o sauru s </EOW>
adamantisaurus,a daman tisauru s </EOW>
adasaurus,a da sauru s </EOW>
adelolophus,a delo lophu s </EOW>
adeopapposaurus,a deopa p po sauru s </EOW>
aegyptosaurus,ae g yp to sauru s </EOW>
aeolosaurus,aeo lo sauru s </EOW>
aepisaurus,aepisauru s </EOW>
aepyornithomimus,ae pyornitho mi mu s </EOW>
aerosteon,aero steon </EOW>
aetonyxafromimus,ae ton y xa f ro mi mu s </EOW>
afrovenator,a f ro venator </EOW>
agathaumas,agathau ma s </EOW>
aggiosaurus,ag gi o sauru s </EOW>
agilisaurus,agilisauru s </EOW>
agnosphitys,ag no sphi ty s </EOW>
agrosaurus,ag ro sauru s </EOW>
agujaceratops,agu ja ceratop s </EOW>
agustinia,agu stinia </EOW>
ahshislepelta,a h shis lepelta </EOW>
airakoraptor,a i ra kora p tor </EOW>
ajancingenia,a jan cin genia </EOW>
ajkaceratops,a j ka ceratop s </EOW>
alamosaurus,alamo sauru s </EOW>
alaskacephale,ala s ka cephale </EOW>
albalophosaurus,al balopho sauru s </EOW>
albertaceratops,alberta ceratop s </EOW>
albertadromeus,alberta dro meu s </EOW>
albertavenator,alberta venator </EOW>
albertonykus,alber ton y ku s </EOW>
albertosaurus,alber to sauru s </EOW>
albinykus,al bin y ku s </EOW>
albisaurus,al bisauru s </EOW>
alcovasaurus,al co va sauru s </EOW>
alectrosaurus,ale c tro sauru s </EOW>
aletopelta,ale topelta </EOW>
algoasaurus,al go a sauru s </EOW>
alioramus,ali oramu s </EOW>
aliwalia,ali walia </EOW>
allosaurus,al lo sauru s </EOW>
almas,al ma s </EOW>
alnashetri,al na she tri </EOW>
alocodon,alo co don </EOW>
altirhinus,al ti r hin u s </EOW>
altispinax,al tispina x </EOW>
alvarezsaurus,al vare z sauru s </EOW>
alwalkeria,al wal keria </EOW>
alxasaurus,al xa sauru s </EOW>
amargasaurus,amar ga sauru s </EOW>
amargastegos,amar ga stego s </EOW>
amargatitanis,amar gatitanis </EOW>
amazonsaurus,ama z on sauru s </EOW>
ammosaurus,am mo sauru s </EOW>
ampelosaurus,ampelo sauru s </EOW>
amphicoelias,amphi co elia s </EOW>
amphicoelicaudia,amphi co eli cau dia </EOW>
amphisaurus,amphisauru s </EOW>
amtocephale,am to cephale </EOW>
amtosaurus,am to sauru s </EOW>
amurosaurus,amuro sauru s </EOW>
amygdalodon,am y g dalo don </EOW>
anabisetia,anabise tia </EOW>
anasazisaurus,ana sa z isauru s </EOW>
anatosaurus,anato sauru s </EOW>
anatotitan,anato titan </EOW>
anchiceratops,an chi ceratop s </EOW>
anchiornis,an chi ornis </EOW>
anchisaurus,an chisauru s </EOW>
andesaurus,an de sauru s </EOW>
andhrasaurus,an d h ra sauru s </EOW>
angaturama,an gat urama </EOW>
angloposeidon,an g lopo sei don </EOW>
angolatitan,an go latitan </EOW>
angulomastacator,an gu lo ma sta cator </EOW>
aniksosaurus,ani k so sauru s </EOW>
animantarx,ani man tar x </EOW>
ankistrodon,an kistro don </EOW>
ankylosaurus,an k y lo sauru s </EOW>
anodontosaurus,ano don to sauru s </EOW>
anoplosaurus,anoplo sauru s </EOW>
anserimimus,an seri mi mu s </EOW>
antarctopelta,an tar c topelta </EOW>
antarctosaurus,an tar c to sauru s </EOW>
antetonitrus,an te toni t ru s </EOW>
anthodon,an tho don </EOW>
antrodemus,an tro de mu s </EOW>
anzu,an zu </EOW>
aoniraptor,a oni ra p tor </EOW>
aorun,a orun </EOW>
apatodon,a pato don </EOW>
apatoraptor,a patora p tor </EOW>
apatosaurus,a pato sauru s </EOW>
appalachiosaurus,a p pala chi o sauru s </EOW>
aquilops,a qu ilop s </EOW>
aragosaurus,arago sauru s </EOW>
aralosaurus,aralo sauru s </EOW>
araucanoraptor,arau canora p tor </EOW>
archaeoceratops,archaeo ceratop s </EOW>
archaeodontosaurus,archaeo don to sauru s </EOW>
archaeopteryx,archaeop ter y x </EOW>
archaeoraptor,archaeora p tor </EOW>
archaeornis,archaeornis </EOW>
archaeornithoides,archaeornitho i de s </EOW>
archaeornithomimus,archaeornitho mi mu s </EOW>
arcovenator,ar co venator </EOW>
arctosaurus,ar c to sauru s </EOW>
arcusaurus,ar c u sauru s </EOW>
arenysaurus,aren y sauru s </EOW>
argentinosaurus,ar gen tino sauru s </EOW>
argyrosaurus,ar g y ro sauru s </EOW>
aristosaurus,aristo sauru s </EOW>
aristosuchus,aristo su chu s </EOW>
arizonasaurus,ari z ona sauru s </EOW>
arkansaurus,ar kan sauru s </EOW>
arkharavia,ar k hara via </EOW>
arrhinoceratops,ar r hino ceratop s </EOW>
arstanosaurus,ar stano sauru s </EOW>
asiaceratops,a sia ceratop s </EOW>
asiamericana,a siameri cana </EOW>
asiatosaurus,a siato sauru s </EOW>
astrodon,a stro don </EOW>
astrodonius,a stro doni u s </EOW>
astrodontaurus,a stro don tauru s </EOW>
astrophocaudia,a stropho cau dia </EOW>
asylosaurus,a sy lo sauru s </EOW>
atacamatitan,ata camatitan </EOW>
atlantosaurus,at lan to sauru s </EOW>
atlasaurus,at la sauru s </EOW>
atlascopcosaurus,at la s cop co sauru s </EOW>
atrociraptor,atro ci ra p tor </EOW>
atsinganosaurus,at sin gano sauru s </EOW>
aublysodon,au b ly so don </EOW>
aucasaurus,au ca sauru s </EOW>
augustia,augu stia </EOW>
augustynolophus,augu sty no lophu s </EOW>
auroraceratops,aurora ceratop s </EOW>
aurornis,aurornis </EOW>
australodocus,au stralo do c u s </EOW>
australovenator,au stralo venator </EOW>
austrocheirus,au stro chei ru s </EOW>
austroposeidon,au stropo sei don </EOW>
austroraptor,au strora p tor </EOW>
austrosaurus,au stro sauru s </EOW>
avaceratops,a va ceratop s </EOW>
avalonia,a valonia </EOW>
avalonianus,a valonian u s </EOW>
aviatyrannis,a viatyran nis </EOW>
avimimus,a vi mi mu s </EOW>
avisaurus,a visauru s </EOW>
avipes,a vi pe s </EOW>
azendohsaurus,a z en do h sauru s </EOW>
bactrosaurus,ba c tro sauru s </EOW>
bagaceratops,baga ceratop s </EOW>
bagaraatan,bagara atan </EOW>
bahariasaurus,ba haria sauru s </EOW>
bainoceratops,ba ino ceratop s </EOW>
bakesaurus,ba ke sauru s </EOW>
balaur,balaur </EOW>
balochisaurus,balo chisauru s </EOW>
bambiraptor,bam bi ra p tor </EOW>
banji,ban ji </EOW>
baotianmansaurus,ba o tian man sauru s </EOW>
barapasaurus,bara pa sauru s </EOW>
barilium,barili u m </EOW>
barosaurus,baro sauru s </EOW>
barrosasaurus,bar ro sa sauru s </EOW>
barsboldia,bar s bo l dia </EOW>
baryonyx,bar yon y x </EOW>
bashunosaurus,ba shuno sauru s </EOW>
basutodon,ba su to don </EOW>
bathygnathus,bathy gnathu s </EOW>
batyrosaurus,baty ro sauru s </EOW>
baurutitan,bauru titan </EOW>
bayosaurus,ba yo sauru s </EOW>
becklespinax,be c k le spina x </EOW>
beelemodon,be ele mo don </EOW>
beibeilong,bei beilong </EOW>
beipiaognathus,bei pia o gnathu s </EOW>
beipiaosaurus,bei pia o sauru s </EOW>
beishanlong,beishan long </EOW>
bellusaurus,bel lu sauru s </EOW>
belodon,belo don </EOW>
berberosaurus,ber bero sauru s </EOW>
betasuchus,be ta su chu s </EOW>
bicentenaria,bi cen tenaria </EOW>
bienosaurus,bi eno sauru s </EOW>
bihariosaurus,bi hario sauru s </EOW>
bilbeyhallorum,bil be y hal loru m </EOW>
bissektipelta,bis se k ti pelta </EOW>
bistahieversor,bista hi e ver sor </EOW>
blancocerosaurus,b lan co cero sauru s </EOW>
blasisaurus,b la sisauru s </EOW>
blikanasaurus,b li kana sauru s </EOW>
bolong,bo long </EOW>
bonapartenykus,bona par ten y ku s </EOW>
bonapartesaurus,bona par te sauru s </EOW>
bonatitan,bonatitan </EOW>
bonitasaura,boni ta saura </EOW>
borealopelta,bore alopelta </EOW>
borealosaurus,bore alo sauru s </EOW>
boreonykus,boreon y ku s </EOW>
borogovia,boro go via </EOW>
bothriospondylus,bo th rio spondy lu s </EOW>
brachiosaurus,bra chi o sauru s </EOW>
brachyceratops,brachy ceratop s </EOW>
brachylophosaurus,brachy lopho sauru s </EOW>
brachypodosaurus,brachypo do sauru s </EOW>
brachyrophus,brachy rophu s </EOW>
brachytaenius,brachy taeni u s </EOW>
brachytrachelopan,brachy tra chelopan </EOW>
bradycneme,bra dy c neme </EOW>
brasileosaurus,bra sileo sauru s </EOW>
brasilotitan,bra silo titan </EOW>
bravoceratops,bra vo ceratop s </EOW>
breviceratops,b re vi ceratop s </EOW>
brohisaurus,b ro hisauru s </EOW>
brontomerus,bron to meru s </EOW>
brontoraptor,bron tora p tor </EOW>
brontosaurus,bron to sauru s </EOW>
bruhathkayosaurus,b ru hath ka yo sauru s </EOW>
bugenasaura,bugena saura </EOW>
buitreraptor,bu i t rera p tor </EOW>
burianosaurus,buriano sauru s </EOW>
buriolestes,burio le ste s </EOW>
byranjaffia,by ran ja f f ia </EOW>
byronosaurus,by rono sauru s </EOW>
caenagnathasia,caenagnatha sia </EOW>
caenagnathus,caenagnathu s </EOW>
calamosaurus,calamo sauru s </EOW>
calamospondylus,calamo spondy lu s </EOW>
calamospondylus,calamo spondy lu s </EOW>
callovosaurus,cal lo vo sauru s </EOW>
camarasaurus,camara sauru s </EOW>
camarillasaurus,camaril la sauru s </EOW>
camelotia,camelo tia </EOW>
camposaurus,campo sauru s </EOW>
camptonotus,camp tono t u s </EOW>
camptosaurus,camp to sauru s </EOW>
campylodon,campy lo don </EOW>
campylodoniscus,campy lo donis c u s </EOW>
canardia,canar dia </EOW>
capitalsaurus,ca pi tal sauru s </EOW>
carcharodontosaurus,carcharo don to sauru s </EOW>
cardiodon,car di o don </EOW>
carnotaurus,car no tauru s </EOW>
caseosaurus,ca seo sauru s </EOW>
cathartesaura,cathar te saura </EOW>
cathetosaurus,cathe to sauru s </EOW>
caudipteryx,cau di p ter y x </EOW>
caudocoelus,cau do co elu s </EOW>
caulodon,cau lo don </EOW>
cedarosaurus,cedaro sauru s </EOW>
cedarpelta,cedar pelta </EOW>
cedrorestes,cedrore ste s </EOW>
centemodon,cen te mo don </EOW>
centrosaurus,cen tro sauru s </EOW>
cerasinops,cera sinop s </EOW>
ceratonykus,ceraton y ku s </EOW>
ceratops,ceratop s </EOW>
ceratosaurus,cerato sauru s </EOW>
cetiosauriscus,ce ti o sauris c u s </EOW>
cetiosaurus,ce ti o sauru s </EOW>
changchunsaurus,chang chun sauru s </EOW>
changdusaurus,chang d u sauru s </EOW>
changyuraptor,chang yura p tor </EOW>
chaoyangsaurus,cha o yang sauru s </EOW>
charonosaurus,charono sauru s </EOW>
chasmosaurus,cha s mo sauru s </EOW>
chassternbergia,cha s ster n ber gia </EOW>
chebsaurus,che b sauru s </EOW>
chenanisaurus,chenanisauru s </EOW>
cheneosaurus,cheneo sauru s </EOW>
chialingosaurus,chialin go sauru s </EOW>
chiayusaurus,chia yu sauru s </EOW>
chienkosaurus,chi en ko sauru s </EOW>
chihuahuasaurus,chi hua hua sauru s </EOW>
chilantaisaurus,chilan ta isauru s </EOW>
chilesaurus,chile sauru s </EOW>
chindesaurus,chin de sauru s </EOW>
chingkankousaurus,chin g kan ko u sauru s </EOW>
chinshakiangosaurus,chin sha kian go sauru s </EOW>
chirostenotes,chi ro steno te s </EOW>
choconsaurus,cho con sauru s </EOW>
chondrosteosaurus,chon dro steo sauru s </EOW>
chromogisaurus,ch ro mo gisauru s </EOW>
chuandongocoelurus,chuan dongo co eluru s </EOW>
chuanjiesaurus,chuan ji e sauru s </EOW>
chuanqilong,chuan q ilong </EOW>
chubutisaurus,chu bu tisauru s </EOW>
chungkingosaurus,chun g kin go sauru s </EOW>
chuxiongosaurus,chu xi ongo sauru s </EOW>
cinizasaurus,cini za sauru s </EOW>
cionodon,ci ono don </EOW>
citipati,ci ti pati </EOW>
cladeiodon,cla dei o don </EOW>
claorhynchus,cla or hy n chu s </EOW>
claosaurus,cla o sauru s </EOW>
clarencea,claren ce a </EOW>
clasmodosaurus,cla s mo do sauru s </EOW>
clepsysaurus,c lep sy sauru s </EOW>
coahuilaceratops,co a hu ila ceratop s </EOW>
coelophysis,co elophy sis </EOW>
coelosaurus,co elo sauru s </EOW>
coeluroides,co eluro i de s </EOW>
coelurosauravus,co eluro saura vu s </EOW>
coelurus,co eluru s </EOW>
colepiocephale,co lepi o cephale </EOW>
coloradia,colora dia </EOW>
coloradisaurus,colora disauru s </EOW>
colossosaurus,colos so sauru s </EOW>
comahuesaurus,co ma hue sauru s </EOW>
comanchesaurus,co man che sauru s </EOW>
compsognathus,compso gnathu s </EOW>
compsosuchus,compso su chu s </EOW>
concavenator,con ca venator </EOW>
conchoraptor,con chora p tor </EOW>
condorraptor,con dor ra p tor </EOW>
coronosaurus,corono sauru s </EOW>
corythoraptor,cor y thora p tor </EOW>
corythosaurus,cor y tho sauru s </EOW>
craspedodon,c ra spedo don </EOW>
crataeomus,c rataeo mu s </EOW>
craterosaurus,c ratero sauru s </EOW>
creosaurus,c reo sauru s </EOW>
crichtonpelta,cri ch ton pelta </EOW>
crichtonsaurus,cri ch ton sauru s </EOW>
cristatusaurus,cristat u sauru s </EOW>
crosbysaurus,cro s by sauru s </EOW>
cruxicheiros,c ru xi chei ro s </EOW>
cryolophosaurus,c r yo lopho sauru s </EOW>
cryptodraco,cryp to draco </EOW>
cryptoraptor,cryp tora p tor </EOW>
cryptosaurus,cryp to sauru s </EOW>
cryptovolans,cryp to vo lan s </EOW>
cumnoria,c u m noria </EOW>
daanosaurus,da ano sauru s </EOW>
dacentrurus,da cen t ruru s </EOW>
dachongosaurus,da chongo sauru s </EOW>
daemonosaurus,dae mono sauru s </EOW>
dahalokely,da halo kely </EOW>
dakosaurus,da ko sauru s </EOW>
dakotadon,da ko ta don </EOW>
dakotaraptor,da ko tara p tor </EOW>
daliansaurus,dalian sauru s </EOW>
damalasaurus,damala sauru s </EOW>
dandakosaurus,dan da ko sauru s </EOW>
danubiosaurus,dan u bi o sauru s </EOW>
daptosaurus,da p to sauru s </EOW>
darwinsaurus,dar w in sauru s </EOW>
dashanpusaurus,da shan pu sauru s </EOW>
daspletosaurus,da sp le to sauru s </EOW>
dasygnathoides,da sy gnatho i de s </EOW>
dasygnathus,da sy gnathu s </EOW>
datanglong,datan g long </EOW>
datonglong,datong long </EOW>
datousaurus,dato u sauru s </EOW>
daurosaurus,dauro sauru s </EOW>
daxiatitan,da xiatitan </EOW>
deinocheirus,deino chei ru s </EOW>
deinodon,deino don </EOW>
deinonychus,deinon y chu s </EOW>
delapparentia,dela p paren tia </EOW>
deltadromeus,delta dro meu s </EOW>
demandasaurus,de man da sauru s </EOW>
denversaurus,den ver sauru s </EOW>
deuterosaurus,deu tero sauru s </EOW>
diabloceratops,diab lo ceratop s </EOW>
diamantinasaurus,diaman tina sauru s </EOW>
dianchungosaurus,dian chun go sauru s </EOW>
diceratops,di ceratop s </EOW>
diceratusdiclonius,di cerat u s di c loni u s </EOW>
dicraeosaurus,di c raeo sauru s </EOW>
didanodondilong,di dano don dilong </EOW>
dilophosaurus,dilopho sauru s </EOW>
diluvicursor,dilu vi cur sor </EOW>
dimodosaurus,di mo do sauru s </EOW>
dinheirosaurus,din hei ro sauru s </EOW>
dinodocus,dino do c u s </EOW>
dinotyrannus,dino tyran n u s </EOW>
diplodocus,di plo do c u s </EOW>
diplotomodon,di plo to mo don </EOW>
diracodon,di ra co don </EOW>
dolichosuchus,do li cho su chu s </EOW>
dollodon,do l lo don </EOW>
domeykosaurus,do me y ko sauru s </EOW>
dongbeititan,dong bei titan </EOW>
dongyangopelta,dong yangopelta </EOW>
dongyangosaurus,dong yango sauru s </EOW>
doratodon,dorato don </EOW>
doryphorosaurus,doryphoro sauru s </EOW>
draconyx,dracon y x </EOW>
dracopelta,dracopelta </EOW>
dracoraptor,dracora p tor </EOW>
dracorex,dracore x </EOW>
dracovenator,draco venator </EOW>
dravidosaurus,dra vi do sauru s </EOW>
dreadnoughtus,d re a d no ug h t u s </EOW>
drinker,d rin ker </EOW>
dromaeosauroides,dro maeo sauro i de s </EOW>
dromaeosaurus,dro maeo sauru s </EOW>
dromiceiomimus,dro mi cei o mi mu s </EOW>
dromicosaurus,dro mi co sauru s </EOW>
drusilasaura,d ru sila saura </EOW>
dryosaurus,d r yo sauru s </EOW>
dryptosauroides,d ryp to sauro i de s </EOW>
dryptosaurus,d ryp to sauru s </EOW>
dubreuillosaurus,d u b reu il lo sauru s </EOW>
duriatitan,d uriatitan </EOW>
duriavenator,d uria venator </EOW>
dynamosaurus,dy namo sauru s </EOW>
dyoplosaurus,dyoplo sauru s </EOW>
dysalotosaurus,dy salo to sauru s </EOW>
dysganus,dy s gan u s </EOW>
dyslocosaurus,dy s lo co sauru s </EOW>
dystrophaeus,dy strophaeu s </EOW>
dystylosaurus,dy sty lo sauru s </EOW>
echinodon,e chino don </EOW>
edmarka,ed mar ka </EOW>
edmontonia,ed mon tonia </EOW>
edmontosaurus,ed mon to sauru s </EOW>
efraasia,e f ra a sia </EOW>
einiosaurus,eini o sauru s </EOW>
ekrixinatosaurus,e kri xinato sauru s </EOW>
elachistosuchus,ela chisto su chu s </EOW>
elaltitan,elal titan </EOW>
elaphrosaurus,ela ph ro sauru s </EOW>
elmisaurus,el misauru s </EOW>
elopteryx,elop ter y x </EOW>
elosaurus,elo sauru s </EOW>
elrhazosaurus,el r ha z o sauru s </EOW>
elvisaurus,el visauru s </EOW>
emausaurus,e mau sauru s </EOW>
embasaurus,e m ba sauru s </EOW>
enigmosaurus,eni g mo sauru s </EOW>
eoabelisaurus,eo abelisauru s </EOW>
eobrontosaurus,eo bron to sauru s </EOW>
eocarcharia,eo carcharia </EOW>
eoceratops,eo ceratop s </EOW>
eocursor,eo cur sor </EOW>
eodromaeus,eo dro maeu s </EOW>
eohadrosaurus,eo hadro sauru s </EOW>
eolambia,eo lam bia </EOW>
eomamenchisaurus,eo mamen chisauru s </EOW>
eoplophysis,eoplophy sis </EOW>
eoraptor,eora p tor </EOW>
eosinopteryx,eo sinop ter y x </EOW>
eotrachodon,eo tra cho don </EOW>
eotriceratops,eo tri ceratop s </EOW>
eotyrannus,eo tyran n u s </EOW>
eousdryosaurus,eo u s d r yo sauru s </EOW>
epachthosaurus,e pa ch tho sauru s </EOW>
epanterias,e pan teria s </EOW>
ephoenosaurus,e pho eno sauru s </EOW>
epicampodon,epi campo don </EOW>
epichirostenotes,epi chi ro steno te s </EOW>
epidendrosaurus,epi den dro sauru s </EOW>
epidexipteryx,epi de xi p ter y x </EOW>
equijubus,e qu i ju bu s </EOW>
erectopus,ere c topu s </EOW>
erketu,er ke t u </EOW>
erliansaurus,er lian sauru s </EOW>
erlikosaurus,er li ko sauru s </EOW>
eshanosaurus,e shano sauru s </EOW>
euacanthus,eu a can thu s </EOW>
eucamerotus,eu camero t u s </EOW>
eucentrosaurus,eu cen tro sauru s </EOW>
eucercosaurus,eu cer co sauru s </EOW>
eucnemesaurus,eu c neme sauru s </EOW>
eucoelophysis,eu co elophy sis </EOW>
eugongbusaurus,eugong bu sauru s </EOW>
euhelopus,eu helopu s </EOW>
euoplocephalus,eu oplo ce phalu s </EOW>
eupodosaurus,eu po do sauru s </EOW>
eureodon,eureo don </EOW>
eurolimnornis,euro lim nornis </EOW>
euronychodon,euron y cho don </EOW>
europasaurus,europa sauru s </EOW>
europatitan,europatitan </EOW>
europelta,europelta </EOW>
euskelosaurus,eu s kelo sauru s </EOW>
eustreptospondylus,eu st re p to spondy lu s </EOW>
fabrosaurus,f ab ro sauru s </EOW>
falcarius,f al cari u s </EOW>
fendusaurus,fen d u sauru s </EOW>
fenestrosaurus,fene stro sauru s </EOW>
ferganasaurus,fer gana sauru s </EOW>
ferganastegos,fer gana stego s </EOW>
ferganocephale,fer gano cephale </EOW>
foraminacephale,f oramina cephale </EOW>
fosterovenator,f o stero venator </EOW>
frenguellisaurus,f ren gu el lisauru s </EOW>
fruitadens,f ru i ta den s </EOW>
fukuiraptor,fukui ra p tor </EOW>
fukuisaurus,fukuisauru s </EOW>
fukuititan,fukui titan </EOW>
fukuivenator,fukui venator </EOW>
fulengia,fu len gia </EOW>
fulgurotherium,fu l guro theri u m </EOW>
fusinasus,fu sina su s </EOW>
fusuisaurus,fu su isauru s </EOW>
futabasaurus,futaba sauru s </EOW>
futalognkosaurus,futalo g n ko sauru s </EOW>
gadolosaurus,ga do lo sauru s </EOW>
galeamopus,gale amopu s </EOW>
galesaurus,gale sauru s </EOW>
gallimimus,gal limi mu s </EOW>
galtonia,gal tonia </EOW>
galveosaurus,gal veo sauru s </EOW>
galvesaurus,gal ve sauru s </EOW>
gannansaurus,gan nan sauru s </EOW>
gansutitan,gan su titan </EOW>
ganzhousaurus,gan zho u sauru s </EOW>
gargoyleosaurus,gar go y leo sauru s </EOW>
garudimimus,garu di mi mu s </EOW>
gasosaurus,ga so sauru s </EOW>
gasparinisaura,ga sparinisaura </EOW>
gastonia,ga stonia </EOW>
gavinosaurus,ga vino sauru s </EOW>
geminiraptor,ge mini ra p tor </EOW>
genusaurus,gen u sauru s </EOW>
genyodectes,gen yo de c te s </EOW>
geranosaurus,gerano sauru s </EOW>
gideonmantellia,gi deon mantel lia </EOW>
giganotosaurus,gigano to sauru s </EOW>
gigantoraptor,gigan tora p tor </EOW>
gigantosaurus,gigan to sauru s </EOW>
gigantosaurus,gigan to sauru s </EOW>
gigantoscelus,gigan to s celu s </EOW>
gigantspinosaurus,gigan t spino sauru s </EOW>
gilmoreosaurus,gil moreo sauru s </EOW>
ginnareemimus,gin nare e mi mu s </EOW>
giraffatitan,gi ra f f atitan </EOW>
glacialisaurus,g la cialisauru s </EOW>
glishades,g lisha de s </EOW>
glyptodontopelta,g lyp to don topelta </EOW>
skeleton,s kele ton </EOW>
gobiceratops,gobi ceratop s </EOW>
gobisaurus,gobisauru s </EOW>
gobititan,gobi titan </EOW>
gobivenator,gobi venator </EOW>
godzillasaurus,go d z il la sauru s </EOW>
gojirasaurus,go ji ra sauru s </EOW>
gondwanatitan,gon d wanatitan </EOW>
gongbusaurus,gong bu sauru s </EOW>
gongpoquansaurus,gong po quan sauru s </EOW>
gongxianosaurus,gong xiano sauru s </EOW>
gorgosaurus,gor go sauru s </EOW>
goyocephale,go yo cephale </EOW>
graciliceratops,gra cili ceratop s </EOW>
graciliraptor,gra cili ra p tor </EOW>
gracilisuchus,gra cilisu chu s </EOW>
gravitholus,gra vi tho lu s </EOW>
gresslyosaurus,g re s s lyo sauru s </EOW>
griphornis,g ri phornis </EOW>
griphosaurus,g ri pho sauru s </EOW>
gryphoceratops,g rypho ceratop s </EOW>
gryponyx,g rypon y x </EOW>
gryposaurus,g rypo sauru s </EOW>
gspsaurus,g sp sauru s </EOW>
guaibasaurus,gu a i ba sauru s </EOW>
gualicho,gu ali cho </EOW>
guanlong,guan long </EOW>
gwyneddosaurus,g w y ned do sauru s </EOW>
gyposaurus,g ypo sauru s </EOW>
hadrosauravus,hadro saura vu s </EOW>
hadrosaurus,hadro sauru s </EOW>
haestasaurus,hae sta sauru s </EOW>
hagryphus,hag ryphu s </EOW>
hallopus,hal lopu s </EOW>
halszkaraptor,hal sz kara p tor </EOW>
halticosaurus,hal ti co sauru s </EOW>
hanssuesia,han s su e sia </EOW>
hanwulosaurus,han wu lo sauru s </EOW>
haplocanthosaurus,haplo can tho sauru s </EOW>
haplocanthus,haplo can thu s </EOW>
haplocheirus,haplo chei ru s </EOW>
harpymimus,har py mi mu s </EOW>
haya,ha ya </EOW>
hecatasaurus,he cata sauru s </EOW>
heilongjiangosaurus,heilong jiango sauru s </EOW>
heishansaurus,heishan sauru s </EOW>
helioceratops,heli o ceratop s </EOW>
helopus,helopu s </EOW>
heptasteornis,he p ta steornis </EOW>
herbstosaurus,her b sto sauru s </EOW>
herrerasaurus,her rera sauru s </EOW>
hesperonychus,he speron y chu s </EOW>
hesperosaurus,he spero sauru s </EOW>
heterodontosaurus,he tero don to sauru s </EOW>
heterosaurus,he tero sauru s </EOW>
hexing,he xing </EOW>
hexinlusaurus,he xin lu sauru s </EOW>
heyuannia,he yuan nia </EOW>
hierosaurus,hi ero sauru s </EOW>
hippodraco,hi p po draco </EOW>
hironosaurus,hi rono sauru s </EOW>
hisanohamasaurus,hisano hama sauru s </EOW>
histriasaurus,histria sauru s </EOW>
homalocephale,ho malo cephale </EOW>
honghesaurus,hong he sauru s </EOW>
hongshanosaurus,hong shano sauru s </EOW>
hoplitosaurus,hop li to sauru s </EOW>
hoplosaurus,hoplo sauru s </EOW>
horshamosaurus,hor shamo sauru s </EOW>
hortalotarsus,hor talo tar su s </EOW>
huabeisaurus,huabeisauru s </EOW>
hualianceratops,hualian ceratop s </EOW>
huanansaurus,huanan sauru s </EOW>
huanghetitan,huan g he titan </EOW>
huangshanlong,huan g shan long </EOW>
huaxiagnathus,hua xiagnathu s </EOW>
huaxiaosaurus,hua xia o sauru s </EOW>
huaxiasaurus,hua xia sauru s </EOW>
huayangosaurus,hua yango sauru s </EOW>
hudiesaurus,hu di e sauru s </EOW>
huehuecanauhtlus,hue hue canau h t lu s </EOW>
hulsanpes,hu l san pe s </EOW>
hungarosaurus,hun garo sauru s </EOW>
huxleysaurus,hu x le y sauru s </EOW>
hylaeosaurus,hy laeo sauru s </EOW>
hylosaurushypacrosaurus,hy lo sauru shypa cro sauru s </EOW>
hypselorhachis,hyp selor ha chis </EOW>
hypselosaurus,hyp selo sauru s </EOW>
hypselospinus,hyp selo spin u s </EOW>
hypsibema,hyp si be ma </EOW>
hypsilophodon,hyp silopho don </EOW>
hypsirhophus,hyp si r hophu s </EOW>
habodcraniosaurus,habo d c rani o sauru s </EOW>
ichthyovenator,i ch thyo venator </EOW>
ignavusaurus,i gna vu sauru s </EOW>
iguanacolossus,i guana colos su s </EOW>
iguanodon,i guano don </EOW>
iguanoides,i guano i de s </EOW>
skeleton,s kele ton </EOW>
iguanosaurus,i guano sauru s </EOW>
iliosuchus,ili o su chu s </EOW>
ilokelesia,ilo kele sia </EOW>
incisivosaurus,in cisi vo sauru s </EOW>
indosaurus,in do sauru s </EOW>
indosuchus,in do su chu s </EOW>
ingenia,in genia </EOW>
inosaurus,ino sauru s </EOW>
irritator,i r ri tator </EOW>
isaberrysaura,isaber r y saura </EOW>
isanosaurus,isano sauru s </EOW>
ischioceratops,is chi o ceratop s </EOW>
ischisaurus,is chisauru s </EOW>
ischyrosaurus,is chy ro sauru s </EOW>
isisaurus,isisauru s </EOW>
issasaurus,is sa sauru s </EOW>
itemirus,i te mi ru s </EOW>
iuticosaurus,i u ti co sauru s </EOW>
jainosaurus,ja ino sauru s </EOW>
jaklapallisaurus,ja k la pal lisauru s </EOW>
janenschia,janen s chia </EOW>
jaxartosaurus,ja xar to sauru s </EOW>
jeholosaurus,j e ho lo sauru s </EOW>
jenghizkhan,j en g hi z k han </EOW>
jensenosaurus,j en seno sauru s </EOW>
jeyawati,j e ya wati </EOW>
jianchangosaurus,jian chango sauru s </EOW>
jiangjunmiaosaurus,jiang jun mia o sauru s </EOW>
jiangjunosaurus,jiang juno sauru s </EOW>
jiangshanosaurus,jiang shano sauru s </EOW>
jiangxisaurus,jiang xisauru s </EOW>
jianianhualong,jianian hualong </EOW>
jinfengopteryx,jin fen gop ter y x </EOW>
jingshanosaurus,jin g shano sauru s </EOW>
jintasaurus,jin ta sauru s </EOW>
jinzhousaurus,jin zho u sauru s </EOW>
jiutaisaurus,ji uta isauru s </EOW>
jobaria,j o baria </EOW>
jubbulpuria,ju b bu l puria </EOW>
judiceratops,ju di ceratop s </EOW>
jurapteryx,jura p ter y x </EOW>
jurassosaurus,jura s so sauru s </EOW>
juratyrant,juratyran t </EOW>
juravenator,jura venator </EOW>
kagasaurus,kaga sauru s </EOW>
kaijiangosaurus,ka i jiango sauru s </EOW>
kakuru,ka kuru </EOW>
kangnasaurus,kan gna sauru s </EOW>
karongasaurus,karonga sauru s </EOW>
katepensaurus,kate pen sauru s </EOW>
katsuyamasaurus,kat su yama sauru s </EOW>
kayentavenator,ka y en ta venator </EOW>
kazaklambia,ka za k lam bia </EOW>
kelmayisaurus,kel ma yisauru s </EOW>
kemkemiakentrosaurus,ke m ke mia ken tro sauru s </EOW>
kentrurosaurus,ken t ruro sauru s </EOW>
kerberosaurus,ker bero sauru s </EOW>
kentrosaurus,ken tro sauru s </EOW>
khaan,k ha an </EOW>
khetranisaurus,k he tranisauru s </EOW>
kileskus,kile s ku s </EOW>
kinnareemimus,kin nare e mi mu s </EOW>
kitadanisaurus,ki ta danisauru s </EOW>
kittysaurus,ki t ty sauru s </EOW>
klamelisauruskol,k lamelisauru s ko l </EOW>
koparion,koparion </EOW>
koreaceratops,kore a ceratop s </EOW>
koreanosaurus,kore ano sauru s </EOW>
koreanosaurus,kore ano sauru s </EOW>
koshisaurus,ko shisauru s </EOW>
kosmoceratops,ko s mo ceratop s </EOW>
kotasaurus,ko ta sauru s </EOW>
koutalisaurus,ko utalisauru s </EOW>
kritosaurus,kri to sauru s </EOW>
kryptops,k ryp top s </EOW>
krzyzanowskisaurus,k r z y zano w s kisauru s </EOW>
kukufeldia,ku ku f el dia </EOW>
kulceratops,ku l ceratop s </EOW>
kulindadromeus,ku lin da dro meu s </EOW>
kulindapteryx,ku lin da p ter y x </EOW>
kunbarrasaurus,kun bar ra sauru s </EOW>
kundurosaurus,kun d uro sauru s </EOW>
kunmingosaurus,kun min go sauru s </EOW>
kuszholia,ku szho lia </EOW>
labocania,labo cania </EOW>
labrosaurus,lab ro sauru s </EOW>
laelaps,laela p s </EOW>
laevisuchus,lae visu chu s </EOW>
lagerpeton,lager pe ton </EOW>
lagosuchus,lago su chu s </EOW>
laiyangosaurus,la i yango sauru s </EOW>
lamaceratops,lama ceratop s </EOW>
lambeosaurus,lam beo sauru s </EOW>
lametasaurus,lame ta sauru s </EOW>
lamplughsaura,lamp lug h saura </EOW>
lanasaurus,lana sauru s </EOW>
lancangosaurus,lan can go sauru s </EOW>
lancanjiangosaurus,lan can jiango sauru s </EOW>
lanzhousaurus,lan zho u sauru s </EOW>
laosaurus,la o sauru s </EOW>
lapampasaurus,la pampa sauru s </EOW>
laplatasaurus,la p lata sauru s </EOW>
lapparentosaurus,la p paren to sauru s </EOW>
laquintasaura,la qu in ta saura </EOW>
latenivenatrix,lateni venatri x </EOW>
latirhinus,lati r hin u s </EOW>
leaellynasaura,le ael ly na saura </EOW>
leinkupal,lein ku pal </EOW>
leipsanosaurus,lei p sano sauru s </EOW>
lengosaurus,len go sauru s </EOW>
leonerasaurus,leonera sauru s </EOW>
lepidocheirosaurus,lepi do chei ro sauru s </EOW>
lepidus,lepi d u s </EOW>
leptoceratops,lep to ceratop s </EOW>
leptorhynchos,lep tor hy n cho s </EOW>
leptospondylus,lep to spondy lu s </EOW>
leshansaurus,le shan sauru s </EOW>
lesothosaurus,le so tho sauru s </EOW>
lessemsaurus,le s se m sauru s </EOW>
levnesovia,le v ne so via </EOW>
lewisuchus,le w isu chu s </EOW>
lexovisaurus,le x o visauru s </EOW>
leyesaurus,le y e sauru s </EOW>
liaoceratops,lia o ceratop s </EOW>
liaoningosaurus,liaonin go sauru s </EOW>
liaoningtitan,liaonin g titan </EOW>
liaoningvenator,liaonin g venator </EOW>
liassaurus,lia s sauru s </EOW>
libycosaurus,li by co sauru s </EOW>
ligabueino,li gabu eino </EOW>
ligabuesaurus,li gabu e sauru s </EOW>
ligomasaurus,li go ma sauru s </EOW>
likhoelesaurus,li k ho ele sauru s </EOW>
liliensternus,lili en ster n u s </EOW>
limaysaurus,lima y sauru s </EOW>
limnornis,lim nornis </EOW>
limnosaurus,lim no sauru s </EOW>
limusaurus,limu sauru s </EOW>
linhenykus,lin hen y ku s </EOW>
linheraptor,lin hera p tor </EOW>
linhevenator,lin he venator </EOW>
lirainosaurus,li ra ino sauru s </EOW>
lisboasaurusliubangosaurus,lis bo a sauru s li u ban go sauru s </EOW>
lohuecotitan,lo hue co titan </EOW>
loncosaurus,lon co sauru s </EOW>
longisquama,longis qu ama </EOW>
longosaurus,longo sauru s </EOW>
lophorhothon,lophor ho thon </EOW>
lophostropheus,lopho stropheu s </EOW>
loricatosaurus,lori cato sauru s </EOW>
loricosaurus,lori co sauru s </EOW>
losillasaurus,lo sil la sauru s </EOW>
lourinhanosaurus,lo urin hano sauru s </EOW>
lourinhasaurus,lo urin ha sauru s </EOW>
luanchuanraptor,luan chuan ra p tor </EOW>
luanpingosaurus,luan pin go sauru s </EOW>
lucianosaurus,lu ciano sauru s </EOW>
lucianovenator,lu ciano venator </EOW>
lufengosaurus,lu fen go sauru s </EOW>
lukousaurus,lu ko u sauru s </EOW>
luoyanggia,lu o yang gia </EOW>
lurdusaurus,lur d u sauru s </EOW>
lusitanosaurus,lu si tano sauru s </EOW>
lusotitan,lu so titan </EOW>
lycorhinus,ly cor hin u s </EOW>
lythronax,ly th rona x </EOW>
macelognathus,ma celo gnathu s </EOW>
machairasaurus,ma cha i ra sauru s </EOW>
machairoceratops,ma cha i ro ceratop s </EOW>
macrodontophion,macro don tophi on </EOW>
macrogryphosaurus,macro g rypho sauru s </EOW>
macrophalangia,macrophalan gia </EOW>
macroscelosaurus,macro s celo sauru s </EOW>
macrurosaurus,ma c ruro sauru s </EOW>
madsenius,ma d seni u s </EOW>
magnapaulia,magna pau lia </EOW>
magnamanus,magnaman u s </EOW>
magnirostris,mag ni ro stris </EOW>
magnosaurus,mag no sauru s </EOW>
magulodon,magu lo don </EOW>
magyarosaurus,mag yaro sauru s </EOW>
mahakala,ma ha kala </EOW>
maiasaura,ma ia saura </EOW>
majungasaurus,ma jun ga sauru s </EOW>
majungatholus,ma jun gatho lu s </EOW>
malarguesaurus,malar gu e sauru s </EOW>
malawisaurus,mala w isauru s </EOW>
maleevosaurus,male e vo sauru s </EOW>
maleevus,male e vu s </EOW>
mamenchisaurus,mamen chisauru s </EOW>
manidens,mani den s </EOW>
mandschurosaurus,man d s churo sauru s </EOW>
manospondylus,mano spondy lu s </EOW>
mantellisaurus,mantel lisauru s </EOW>
mantellodon,mantel lo don </EOW>
mapusaurus,ma pu sauru s </EOW>
marasuchus,mara su chu s </EOW>
marisaurus,marisauru s </EOW>
marmarospondylus,mar maro spondy lu s </EOW>
marshosaurus,mar sho sauru s </EOW>
martharaptor,mar thara p tor </EOW>
masiakasaurus,ma sia ka sauru s </EOW>
massospondylus,ma s so spondy lu s </EOW>
matheronodon,matherono don </EOW>
maxakalisaurus,ma xa kalisauru s </EOW>
medusaceratops,med u sa ceratop s </EOW>
megacervixosaurus,mega cer vi x o sauru s </EOW>
megadactylus,mega da c ty lu s </EOW>
megadontosaurus,mega don to sauru s </EOW>
megalosaurus,megalo sauru s </EOW>
megapnosaurus,mega p no sauru s </EOW>
megaraptor,megara p tor </EOW>
mei,mei </EOW>
melanorosaurus,melanoro sauru s </EOW>
mendozasaurus,men do za sauru s </EOW>
mercuriceratops,mer curi ceratop s </EOW>
meroktenos,mero k teno s </EOW>
metriacanthosaurus,me tria can tho sauru s </EOW>
microcephale,micro cephale </EOW>
microceratops,micro ceratop s </EOW>
microceratus,micro cerat u s </EOW>
microcoelus,micro co elu s </EOW>
microdontosaurus,micro don to sauru s </EOW>
microhadrosaurus,micro hadro sauru s </EOW>
micropachycephalosaurus,micropachy ce phalo sauru s </EOW>
microraptor,microra p tor </EOW>
microvenator,micro venator </EOW>
mierasaurus,mi era sauru s </EOW>
mifunesaurus,mi fune sauru s </EOW>
minmi,min mi </EOW>
minotaurasaurus,mino taura sauru s </EOW>
miragaia,mi raga ia </EOW>
mirischia,mi ris chia </EOW>
moabosaurus,mo abo sauru s </EOW>
mochlodon,mo ch lo don </EOW>
mohammadisaurus,mo ham ma disauru s </EOW>
mojoceratops,mo j o ceratop s </EOW>
mongolosaurus,mongo lo sauru s </EOW>
monkonosaurus,mon kono sauru s </EOW>
monoclonius,mono c loni u s </EOW>
monolophosaurus,mono lopho sauru s </EOW>
mononychus,monon y chu s </EOW>
mononykus,monon y ku s </EOW>
montanoceratops,mon tano ceratop s </EOW>
morelladon,morel la don </EOW>
morinosaurus,morino sauru s </EOW>
morosaurus,moro sauru s </EOW>
morrosaurus,mor ro sauru s </EOW>
mosaiceratops,mo sa i ceratop s </EOW>
moshisaurus,mo shisauru s </EOW>
mtapaiasaurus,m ta pa ia sauru s </EOW>
mtotosaurus,m to to sauru s </EOW>
murusraptor,muru s ra p tor </EOW>
mussaurus,mu s sauru s </EOW>
muttaburrasaurus,mu t tabur ra sauru s </EOW>
muyelensaurus,mu y elen sauru s </EOW>
mymoorapelta,m y mo ora pelta </EOW>
naashoibitosaurus,na a sho i bi to sauru s </EOW>
nambalia,nam balia </EOW>
nankangia,nan kan gia </EOW>
nanningosaurus,nan nin go sauru s </EOW>
nanosaurus,nano sauru s </EOW>
nanotyrannus,nano tyran n u s </EOW>
nanshiungosaurus,nan shi un go sauru s </EOW>
nanuqsaurus,nan u q sauru s </EOW>
nanyangosaurus,nan yango sauru s </EOW>
narambuenatitan,naram bu enatitan </EOW>
nasutoceratops,na su to ceratop s </EOW>
natronasaurus,natrona sauru s </EOW>
nebulasaurus,ne bu la sauru s </EOW>
nectosaurus,ne c to sauru s </EOW>
nedcolbertia,ned co l ber tia </EOW>
nedoceratops,nedo ceratop s </EOW>
neimongosaurus,nei mongo sauru s </EOW>
nemegtia,nemeg tia </EOW>
nemegtomaia,nemeg to ma ia </EOW>
nemegtosaurus,nemeg to sauru s </EOW>
neosaurus,neo sauru s </EOW>
neosodon,neo so don </EOW>
neovenator,neo venator </EOW>
neuquenraptor,neu qu en ra p tor </EOW>
neuquensaurus,neu qu en sauru s </EOW>
newtonsaurus,ne w ton sauru s </EOW>
ngexisaurus,n ge xisauru s </EOW>
nicksaurus,ni c k sauru s </EOW>
nigersaurus,ni ger sauru s </EOW>
ningyuansaurus,nin g yuan sauru s </EOW>
niobrarasaurus,ni o brara sauru s </EOW>
nipponosaurus,ni p pono sauru s </EOW>
noasaurus,no a sauru s </EOW>
nodocephalosaurus,no do ce phalo sauru s </EOW>
nodosaurus,no do sauru s </EOW>
nomingia,no min gia </EOW>
nopcsaspondylus,nop c sa spondy lu s </EOW>
normanniasaurus,nor man nia sauru s </EOW>
nothronychus,no th ron y chu s </EOW>
notoceratops,no to ceratop s </EOW>
notocolossus,no to colos su s </EOW>
notohypsilophodon,no to hyp silopho don </EOW>
nqwebasaurus,n q w e ba sauru s </EOW>
nteregosaurus,n tere go sauru s </EOW>
nurosaurus,n uro sauru s </EOW>
nuthetes,n u the te s </EOW>
nyasasaurus,n ya sa sauru s </EOW>
nyororosaurus,n yororo sauru s </EOW>
ohmdenosaurus,o h m deno sauru s </EOW>
ojoceratops,o j o ceratop s </EOW>
ojoraptorsaurus,o j ora p tor sauru s </EOW>
oligosaurus,o li go sauru s </EOW>
olorotitan,o loro titan </EOW>
omeisaurus,o meisauru s </EOW>
omosaurus,o mo sauru s </EOW>
onychosaurus,on y cho sauru s </EOW>
oohkotokia,o o h ko to kia </EOW>
opisthocoelicaudia,opistho co eli cau dia </EOW>
oplosaurus,oplo sauru s </EOW>
orcomimus,or co mi mu s </EOW>
orinosaurusorkoraptor,orino sauru sor kora p tor </EOW>
ornatotholusornithodesmus,or nato tho lu sornitho de s mu s </EOW>
ornithoides,ornitho i de s </EOW>
ornitholestes,ornitho le ste s </EOW>
ornithomerus,ornitho meru s </EOW>
ornithomimoides,ornitho mi mo i de s </EOW>
ornithomimus,ornitho mi mu s </EOW>
ornithopsis,ornithop sis </EOW>
ornithosuchus,ornitho su chu s </EOW>
ornithotarsus,ornitho tar su s </EOW>
orodromeus,oro dro meu s </EOW>
orosaurus,oro sauru s </EOW>
orthogoniosaurus,or tho goni o sauru s </EOW>
orthomerus,or tho meru s </EOW>
oryctodromeus,or y c to dro meu s </EOW>
oshanosaurus,o shano sauru s </EOW>
osmakasaurus,o s ma ka sauru s </EOW>
ostafrikasaurus,o sta f ri ka sauru s </EOW>
ostromia,o stro mia </EOW>
othnielia,o th ni elia </EOW>
othnielosaurus,o th ni elo sauru s </EOW>
otogosaurus,o to go sauru s </EOW>
ouranosaurus,o urano sauru s </EOW>
overosaurus,o vero sauru s </EOW>
oviraptor,o vi ra p tor </EOW>
ovoraptor,o vora p tor </EOW>
owenodon,o w eno don </EOW>
oxalaia,o xala ia </EOW>
ozraptor,o z ra p tor </EOW>
pachycephalosaurus,pachy ce phalo sauru s </EOW>
pachyrhinosaurus,pachy r hino sauru s </EOW>
pachysauriscus,pachy sauris c u s </EOW>
pachysaurops,pachy saurop s </EOW>
pachysaurus,pachy sauru s </EOW>
pachyspondylus,pachy spondy lu s </EOW>
pachysuchus,pachy su chu s </EOW>
padillasaurus,pa dil la sauru s </EOW>
pakisaurus,pa kisauru s </EOW>
palaeoctonus,palaeo c ton u s </EOW>
palaeocursornis,palaeo cur sornis </EOW>
palaeolimnornis,palaeo lim nornis </EOW>
palaeopteryx,palaeop ter y x </EOW>
palaeosauriscus,palaeo sauris c u s </EOW>
palaeosaurus,palaeo sauru s </EOW>
palaeosaurus,palaeo sauru s </EOW>
palaeoscincus,palaeo s cin c u s </EOW>
paleosaurus,paleo sauru s </EOW>
paludititan,palu di titan </EOW>
paluxysaurus,palu x y sauru s </EOW>
pampadromaeus,pampa dro maeu s </EOW>
pamparaptor,pampara p tor </EOW>
panamericansaurus,panameri can sauru s </EOW>
pandoravenator,pan dora venator </EOW>
panguraptor,pan gura p tor </EOW>
panoplosaurus,panoplo sauru s </EOW>
panphagia,pan phagia </EOW>
pantydraco,pan ty draco </EOW>
paraiguanodon,para i guano don </EOW>
paralititan,parali titan </EOW>
paranthodon,paran tho don </EOW>
pararhabdodon,parar hab do don </EOW>
parasaurolophus,para sauro lophu s </EOW>
pareiasaurus,pareia sauru s </EOW>
parksosaurus,par k so sauru s </EOW>
paronychodon,paron y cho don </EOW>
parrosaurus,par ro sauru s </EOW>
parvicursor,par vi cur sor </EOW>
patagonykus,patagon y ku s </EOW>
patagosaurus,patago sauru s </EOW>
patagotitan,patago titan </EOW>
pawpawsaurus,pa w pa w sauru s </EOW>
pectinodon,pe c tino don </EOW>
pedopenna,pedopen na </EOW>
pegomastax,pe go ma sta x </EOW>
peishansaurus,peishan sauru s </EOW>
pekinosaurus,pe kino sauru s </EOW>
pelecanimimus,pele cani mi mu s </EOW>
pellegrinisaurus,pel le g rinisauru s </EOW>
peloroplites,pelorop li te s </EOW>
pelorosaurus,peloro sauru s </EOW>
peltosaurus,pel to sauru s </EOW>
penelopognathus,penelopo gnathu s </EOW>
pentaceratops,pen ta ceratop s </EOW>
petrobrasaurus,pe tro bra sauru s </EOW>
phaedrolosaurus,phaedro lo sauru s </EOW>
philovenator,philo venator </EOW>
phuwiangosaurus,phu w ian go sauru s </EOW>
phyllodon,phy l lo don </EOW>
piatnitzkysaurus,piat ni t z k y sauru s </EOW>
picrodon,pi cro don </EOW>
pinacosaurus,pina co sauru s </EOW>
pisanosaurus,pisano sauru s </EOW>
pitekunsaurus,pi te kun sauru s </EOW>
piveteausaurus,pi ve te au sauru s </EOW>
planicoxa,p lani co xa </EOW>
plateosauravus,p lateo saura vu s </EOW>
plateosaurus,p lateo sauru s </EOW>
platyceratops,p laty ceratop s </EOW>
plesiohadros,p le si o hadro s </EOW>
pleurocoelus,p leuro co elu s </EOW>
pleuropeltus,p leuropel t u s </EOW>
pneumatoarthrus,p neu mato ar th ru s </EOW>
pneumatoraptor,p neu matora p tor </EOW>
podokesaurus,po do ke sauru s </EOW>
poekilopleuron,po e kilop leuron </EOW>
polacanthoides,po la can tho i de s </EOW>
polacanthus,po la can thu s </EOW>
polyodontosaurus,po lyo don to sauru s </EOW>
polyonax,po lyona x </EOW>
ponerosteus,ponero steu s </EOW>
poposaurus,popo sauru s </EOW>
parasaurolophus,para sauro lophu s </EOW>
postosuchus,po sto su chu s </EOW>
powellvenator,po w el l venator </EOW>
pradhania,p ra d hania </EOW>
prenocephale,p reno cephale </EOW>
prenoceratops,p reno ceratop s </EOW>
priconodon,p ri cono don </EOW>
priodontognathus,p rio don to gnathu s </EOW>
proa,pro a </EOW>
probactrosaurus,pro ba c tro sauru s </EOW>
probrachylophosaurus,pro brachy lopho sauru s </EOW>
proceratops,pro ceratop s </EOW>
proceratosaurus,pro cerato sauru s </EOW>
procerosaurus,pro cero sauru s </EOW>
procerosaurus,pro cero sauru s </EOW>
procheneosaurus,pro cheneo sauru s </EOW>
procompsognathus,pro compso gnathu s </EOW>
prodeinodon,pro deino don </EOW>
proiguanodon,pro i guano don </EOW>
propanoplosaurus,propanoplo sauru s </EOW>
proplanicoxa,prop lani co xa </EOW>
prosaurolophus,pro sauro lophu s </EOW>
protarchaeopteryx,pro tarchaeop ter y x </EOW>
protecovasaurus,pro te co va sauru s </EOW>
protiguanodon,pro ti guano don </EOW>
protoavis,proto a vis </EOW>
protoceratops,proto ceratop s </EOW>
protognathosaurus,proto gnatho sauru s </EOW>
protognathus,proto gnathu s </EOW>
protohadros,proto hadro s </EOW>
protorosaurus,protoro sauru s </EOW>
protorosaurus,protoro sauru s </EOW>
protrachodon,pro tra cho don </EOW>
proyandusaurus,pro yan d u sauru s </EOW>
pseudolagosuchus,p seu do lago su chu s </EOW>
psittacosaurus,p si t ta co sauru s </EOW>
pteropelyx,p teropely x </EOW>
pterospondylus,p tero spondy lu s </EOW>
puertasaurus,pu er ta sauru s </EOW>
pukyongosaurus,pu k yongo sauru s </EOW>
pulanesaura,pu lane saura </EOW>
pycnonemosaurus,py c none mo sauru s </EOW>
pyroraptor,py rora p tor </EOW>
qantassaurus,q an ta s sauru s </EOW>
qianzhousaurus,q ian zho u sauru s </EOW>
qiaowanlong,q ia o wan long </EOW>
qijianglong,q i jiang long </EOW>
qinlingosaurus,q in lin go sauru s </EOW>
qingxiusaurus,q in g xi u sauru s </EOW>
qiupalong,q i u palong </EOW>
quaesitosaurus,qu ae si to sauru s </EOW>
quetecsaurus,qu e te c sauru s </EOW>
quilmesaurus,qu il me sauru s </EOW>
rachitrema,ra chi t re ma </EOW>
rahiolisaurus,ra hi o lisauru s </EOW>
rahona,ra hona </EOW>
rahonavis,ra hona vis </EOW>
rajasaurus,ra ja sauru s </EOW>
rapator,ra pator </EOW>
rapetosaurus,ra pe to sauru s </EOW>
raptorex,ra p tore x </EOW>
ratchasimasaurus,rat cha si ma sauru s </EOW>
rativates,rati vate s </EOW>
rayososaurus,ra yo so sauru s </EOW>
razanandrongobe,ra zanan drongo be </EOW>
rebbachisaurus,re b ba chisauru s </EOW>
regaliceratops,re gali ceratop s </EOW>
regnosaurus,re g no sauru s </EOW>
revueltosaurus,re vu el to sauru s </EOW>
rhabdodon,r hab do don </EOW>
rhadinosaurus,r ha dino sauru s </EOW>
rhinorex,r hinore x </EOW>
rhodanosaurus,r ho dano sauru s </EOW>
rhoetosaurus,r ho e to sauru s </EOW>
rhopalodon,r hopalo don </EOW>
riabininohadros,riabinino hadro s </EOW>
richardoestesia,ri char do e ste sia </EOW>
rileya,rile ya </EOW>
rileyasuchus,rile ya su chu s </EOW>
rinchenia,rin chenia </EOW>
rinconsaurus,rin con sauru s </EOW>
rioarribasaurus,rio ar ri ba sauru s </EOW>
riodevasaurus,rio de va sauru s </EOW>
riojasaurus,rio ja sauru s </EOW>
riojasuchus,rio ja su chu s </EOW>
rocasaurus,ro ca sauru s </EOW>
roccosaurus,ro c co sauru s </EOW>
rubeosaurus,ru beo sauru s </EOW>
ruehleia,ru e h leia </EOW>
rugocaudia,rugo cau dia </EOW>
rugops,rugop s </EOW>
rukwatitan,ru k watitan </EOW>
ruyangosaurus,ru yango sauru s </EOW>
sacisaurus,sa cisauru s </EOW>
sahaliyania,sa hali yania </EOW>
saichania,sa i chania </EOW>
saldamosaurus,sal damo sauru s </EOW>
salimosaurus,salimo sauru s </EOW>
saltasaurus,sal ta sauru s </EOW>
saltopus,sal topu s </EOW>
saltriosaurus,sal trio sauru s </EOW>
sanchusaurus,san chu sauru s </EOW>
sangonghesaurus,san gong he sauru s </EOW>
sanjuansaurus,san juan sauru s </EOW>
sanpasaurus,san pa sauru s </EOW>
santanaraptor,san tanara p tor </EOW>
saraikimasoom,sara i ki ma so o m </EOW>
sarahsaurus,sara h sauru s </EOW>
sarcolestes,sar co le ste s </EOW>
sarcosaurus,sar co sauru s </EOW>
sarmientosaurus,sar mi en to sauru s </EOW>
saturnalia,sat ur nalia </EOW>
sauraechinodon,saurae chino don </EOW>
saurolophus,sauro lophu s </EOW>
sauroniops,sauroni op s </EOW>
sauropelta,sauropelta </EOW>
saurophaganax,saurophagana x </EOW>
saurophagus,saurophagu s </EOW>
sauroplites,saurop li te s </EOW>
sauroposeidon,sauropo sei don </EOW>
saurornithoides,saurornitho i de s </EOW>
saurornitholestes,saurornitho le ste s </EOW>
savannasaurus,sa van na sauru s </EOW>
scansoriopteryx,s can soriop ter y x </EOW>
scaphonyx,s ca phon y x </EOW>
scelidosaurus,s celi do sauru s </EOW>
scipionyx,s ci pi on y x </EOW>
sciurumimus,s ci uru mi mu s </EOW>
scleromochlus,s c lero mo ch lu s </EOW>
scolosaurus,s colosauru s </EOW>
scutellosaurus,s c u tel lo sauru s </EOW>
secernosaurus,se cer no sauru s </EOW>
sefapanosaurus,se f a pano sauru s </EOW>
segisaurus,se gisauru s </EOW>
segnosaurus,se g no sauru s </EOW>
seismosaurus,seis mo sauru s </EOW>
seitaad,sei ta a d </EOW>
selimanosaurus,selimano sauru s </EOW>
sellacoxa,sel la co xa </EOW>
sellosaurus,sel lo sauru s </EOW>
serendipaceratops,seren di pa ceratop s </EOW>
serikornis,seri kornis </EOW>
shamosaurus,shamo sauru s </EOW>
shanag,shanag </EOW>
shanshanosaurus,shan shano sauru s </EOW>
shantungosaurus,shan t un go sauru s </EOW>
shanxia,shan xia </EOW>
shanyangosaurus,shan yango sauru s </EOW>
shaochilong,sha o chilong </EOW>
shenzhousaurus,shen zho u sauru s </EOW>
shidaisaurus,shi da isauru s </EOW>
shingopana,shin gopana </EOW>
shixinggia,shi xing gia </EOW>
shuangbaisaurus,shuan g ba isauru s </EOW>
shuangmiaosaurus,shuan g mia o sauru s </EOW>
shunosaurus,shuno sauru s </EOW>
shuvosaurus,shu vo sauru s </EOW>
shuvuuia,shu vu u ia </EOW>
siamodon,siamo don </EOW>
siamodracon,siamo dracon </EOW>
siamosaurus,siamo sauru s </EOW>
siamotyrannus,siamo tyran n u s </EOW>
siats,siat s </EOW>
sibirosaurus,si bi ro sauru s </EOW>
sibirotitan,si bi ro titan </EOW>
sidormimus,si dor mi mu s </EOW>
sigilmassasaurus,si gil ma s sa sauru s </EOW>
silesaurus,sile sauru s </EOW>
siluosaurus,silu o sauru s </EOW>
silvisaurus,sil visauru s </EOW>
similicaudipteryx,si mili cau di p ter y x </EOW>
sinocalliopteryx,sino cal li op ter y x </EOW>
sinoceratops,sino ceratop s </EOW>
sinocoelurus,sino co eluru s </EOW>
sinopelta,sinopelta </EOW>
sinopeltosaurus,sinopel to sauru s </EOW>
sinornithoides,sinornitho i de s </EOW>
sinornithomimus,sinornitho mi mu s </EOW>
sinornithosaurus,sinornitho sauru s </EOW>
sinosauropteryx,sino saurop ter y x </EOW>
sinosaurus,sino sauru s </EOW>
sinotyrannus,sino tyran n u s </EOW>
sinovenator,sino venator </EOW>
sinraptor,sin ra p tor </EOW>
sinusonasus,sin u sona su s </EOW>
sirindhorna,si rin d hor na </EOW>
skorpiovenator,s kor pi o venator </EOW>
smilodon,s milo don </EOW>
sonidosaurus,soni do sauru s </EOW>
sonorasaurus,sonora sauru s </EOW>
soriatitan,soriatitan </EOW>
sphaerotholus,sphaero tho lu s </EOW>
sphenosaurus,spheno sauru s </EOW>
sphenospondylus,spheno spondy lu s </EOW>
spiclypeus,spi c lypeu s </EOW>
spinophorosaurus,spinophoro sauru s </EOW>
spinops,spinop s </EOW>
spinosaurus,spino sauru s </EOW>
spinostropheus,spino stropheu s </EOW>
spinosuchus,spino su chu s </EOW>
spondylosoma,spondy lo so ma </EOW>
squalodon,s qu alo don </EOW>
staurikosaurus,stauri ko sauru s </EOW>
stegoceras,stego cera s </EOW>
stegopelta,stegopelta </EOW>
stegosaurides,stego sauri de s </EOW>
stegosaurus,stego sauru s </EOW>
stenonychosaurus,stenon y cho sauru s </EOW>
stenopelix,stenopeli x </EOW>
stenotholus,steno tho lu s </EOW>
stephanosaurus,ste phano sauru s </EOW>
stereocephalus,stereo ce phalu s </EOW>
sterrholophus,ster r ho lophu s </EOW>
stokesosaurus,sto ke so sauru s </EOW>
stormbergia,stor m ber gia </EOW>
strenusaurus,st ren u sauru s </EOW>
streptospondylus,st re p to spondy lu s </EOW>
struthiomimus,st ru thi o mi mu s </EOW>
struthiosaurus,st ru thi o sauru s </EOW>
stygimoloch,sty gi mo lo ch </EOW>
stygivenator,sty gi venator </EOW>
styracosaurus,sty ra co sauru s </EOW>
succinodon,su c cino don </EOW>
suchomimus,su cho mi mu s </EOW>
suchosaurus,su cho sauru s </EOW>
suchoprion,su chop rion </EOW>
sugiyamasaurus,sugi yama sauru s </EOW>
skeleton,s kele ton </EOW>
sulaimanisaurus,su la i manisauru s </EOW>
supersaurus,su per sauru s </EOW>
suuwassea,su u wa s se a </EOW>
suzhousaurus,su zho u sauru s </EOW>
symphyrophus,sy mphy rophu s </EOW>
syngonosaurus,sy n gono sauru s </EOW>
syntarsus,sy n tar su s </EOW>
syrmosaurus,sy r mo sauru s </EOW>
szechuanosaurus,sz e chuano sauru s </EOW>
tachiraptor,ta chi ra p tor </EOW>
talarurus,talaruru s </EOW>
talenkauen,talen kau en </EOW>
talos,talo s </EOW>
tambatitanis,tam batitanis </EOW>
tangvayosaurus,tan g va yo sauru s </EOW>
tanius,tani u s </EOW>
tanycolagreus,tan y co lag reu s </EOW>
tanystropheus,tan y stropheu s </EOW>
tanystrosuchus,tan y stro su chu s </EOW>
taohelong,ta o helong </EOW>
tapinocephalus,ta pino ce phalu s </EOW>
tapuiasaurus,ta pu ia sauru s </EOW>
tarascosaurus,tara s co sauru s </EOW>
tarbosaurus,tar bo sauru s </EOW>
tarchia,tar chia </EOW>
tastavinsaurus,ta sta vin sauru s </EOW>
tatankacephalus,tatan ka ce phalu s </EOW>
tatankaceratops,tatan ka ceratop s </EOW>
tataouinea,tata o u ine a </EOW>
tatisaurus,tatisauru s </EOW>
taurovenator,tauro venator </EOW>
taveirosaurus,ta vei ro sauru s </EOW>
tawa,ta wa </EOW>
tawasaurus,ta wa sauru s </EOW>
tazoudasaurus,ta z o u da sauru s </EOW>
technosaurus,te ch no sauru s </EOW>
tecovasaurus,te co va sauru s </EOW>
tehuelchesaurus,te huel che sauru s </EOW>
teihivenator,tei hi venator </EOW>
teinurosaurus,tein uro sauru s </EOW>
teleocrater,teleo c rater </EOW>
telmatosaurus,tel mato sauru s </EOW>
tenantosaurus,tenan to sauru s </EOW>
tenchisaurus,ten chisauru s </EOW>
tendaguria,ten daguria </EOW>
tengrisaurus,ten g risauru s </EOW>
tenontosaurus,tenon to sauru s </EOW>
teratophoneus,teratophoneu s </EOW>
teratosaurus,terato sauru s </EOW>
termatosaurus,ter mato sauru s </EOW>
tethyshadros,te thy shadro s </EOW>
tetragonosaurus,te tragono sauru s </EOW>
texacephale,te xa cephale </EOW>
texasetes,te xa se te s </EOW>
teyuwasu,te yu wa su </EOW>
thecocoelurus,the co co eluru s </EOW>
thecodontosaurus,the co don to sauru s </EOW>
thecospondylus,the co spondy lu s </EOW>
theiophytalia,thei ophy talia </EOW>
therizinosaurus,theri z ino sauru s </EOW>
therosaurus,thero sauru s </EOW>
thescelosaurus,the s celo sauru s </EOW>
thespesius,the spe si u s </EOW>
thotobolosaurus,tho to bo lo sauru s </EOW>
tianchisaurus,tian chisauru s </EOW>
tianchungosaurus,tian chun go sauru s </EOW>
tianyulong,tian yu long </EOW>
tianyuraptor,tian yura p tor </EOW>
tianzhenosaurus,tian z heno sauru s </EOW>
tichosteus,ti cho steu s </EOW>
tienshanosaurus,ti en shano sauru s </EOW>
timimus,ti mi mu s </EOW>
timurlengia,ti mur len gia </EOW>
titanoceratops,titano ceratop s </EOW>
titanosaurus,titano sauru s </EOW>
titanosaurus,titano sauru s </EOW>
tochisaurus,to chisauru s </EOW>
tomodon,to mo don </EOW>
tonganosaurus,tongano sauru s </EOW>
tongtianlong,tong tian long </EOW>
tonouchisaurus,tono u chisauru s </EOW>
torilion,torili on </EOW>
tornieria,torni eria </EOW>
torosaurus,toro sauru s </EOW>
torvosaurus,tor vo sauru s </EOW>
tototlmimus,to to t l mi mu s </EOW>
trachodon,tra cho don </EOW>
traukutitan,trau ku titan </EOW>
trialestes,triale ste s </EOW>
triassolestes,tria s so le ste s </EOW>
tribelesodon,tri bele so don </EOW>
triceratops,tri ceratop s </EOW>
trigonosaurus,tri gono sauru s </EOW>
trimucrodon,tri mu cro don </EOW>
trinisaura,trinisaura </EOW>
triunfosaurus,tri un f o sauru s </EOW>
troodon,tro o don </EOW>
tsaagan,t sa agan </EOW>
tsagantegia,t sagan te gia </EOW>
tsintaosaurus,t sin ta o sauru s </EOW>
tugulusaurus,t ugu lu sauru s </EOW>
tuojiangosaurus,t u o jiango sauru s </EOW>
turanoceratops,t urano ceratop s </EOW>
turiasaurus,t uria sauru s </EOW>
tylocephale,ty lo cephale </EOW>
tylosteus,ty lo steu s </EOW>
tyrannosaurus,tyran no sauru s </EOW>
tyrannotitan,tyran no titan </EOW>
illustration,il lu strati on </EOW>
uberabatitan,u berabatitan </EOW>
udanoceratops,u dano ceratop s </EOW>
ugrosaurus,ug ro sauru s </EOW>
ugrunaaluk,ug runa alu k </EOW>
uintasaurus,u in ta sauru s </EOW>
ultrasauros,u l tra sauro s </EOW>
ultrasaurus,u l tra sauru s </EOW>
ultrasaurus,u l tra sauru s </EOW>
umarsaurus,u mar sauru s </EOW>
unaysaurus,una y sauru s </EOW>
unenlagia,unen lagia </EOW>
unescoceratops,une s co ceratop s </EOW>
unicerosaurus,uni cero sauru s </EOW>
unquillosaurus,un qu il lo sauru s </EOW>
urbacodon,ur ba co don </EOW>
utahceratops,uta h ceratop s </EOW>
utahraptor,uta h ra p tor </EOW>
uteodon,u teo don </EOW>
vagaceratops,vaga ceratop s </EOW>
vahiny,va hin y </EOW>
valdoraptor,val dora p tor </EOW>
valdosaurus,val do sauru s </EOW>
variraptor,vari ra p tor </EOW>
velociraptor,velo ci ra p tor </EOW>
vectensia,ve c ten sia </EOW>
vectisaurus,ve c tisauru s </EOW>
velafrons,vela f ron s </EOW>
velocipes,velo ci pe s </EOW>
velociraptor,velo ci ra p tor </EOW>
velocisaurus,velo cisauru s </EOW>
venaticosuchus,venati co su chu s </EOW>
venenosaurus,veneno sauru s </EOW>
veterupristisaurus,ve teru p ristisauru s </EOW>
viavenator,via venator </EOW>
vitakridrinda,vi ta kri d rin da </EOW>
vitakrisaurus,vi ta krisauru s </EOW>
volkheimeria,vo l k hei meria </EOW>
vouivria,vo u i v ria </EOW>
vulcanodon,vu l cano don </EOW>
wadhurstia,wa d hur stia </EOW>
wakinosaurus,wa kino sauru s </EOW>
walgettosuchus,wal ge t to su chu s </EOW>
walkeria,wal keria </EOW>
walkersaurus,wal ker sauru s </EOW>
wangonisaurus,wan gonisauru s </EOW>
wannanosaurus,wan nano sauru s </EOW>
wellnhoferia,w el l n ho feria </EOW>
wendiceratops,w en di ceratop s </EOW>
wiehenvenator,w i e hen venator </EOW>
willinakaqe,w il lina ka q e </EOW>
wintonotitan,w in tono titan </EOW>
wuerhosaurus,wu er ho sauru s </EOW>
wulagasaurus,wu laga sauru s </EOW>
wulatelong,wu latelong </EOW>
wyleyia,w y le yia </EOW>
wyomingraptor,w yo min gra p tor </EOW>
xenoceratops,x eno ceratop s </EOW>
xenoposeidon,x enopo sei don </EOW>
xenotarsosaurus,x eno tar so sauru s </EOW>
xianshanosaurus,xian shano sauru s </EOW>
xiaosaurus,xia o sauru s </EOW>
xingxiulong,xing xi u long </EOW>
xinjiangovenator,xin jiango venator </EOW>
xinjiangtitan,xin jiang titan </EOW>
xiongguanlong,xi ong guan long </EOW>
xixianykus,xi xian y ku s </EOW>
xixiasaurus,xi xia sauru s </EOW>
xixiposaurus,xi xi po sauru s </EOW>
xuanhanosaurus,x uan hano sauru s </EOW>
xuanhuaceratops,x uan hua ceratop s </EOW>
xuanhuasaurus,x uan hua sauru s </EOW>
xuwulong,x u wu long </EOW>
yaleosaurus,yaleo sauru s </EOW>
yamaceratops,yama ceratop s </EOW>
yandusaurus,yan d u sauru s </EOW>
yangchuanosaurus,yang chuano sauru s </EOW>
yaverlandia,ya ver lan dia </EOW>
yehuecauhceratops,y e hue cau h ceratop s </EOW>
yezosaurus,y e z o sauru s </EOW>
yibinosaurus,yi bino sauru s </EOW>
yimenosaurus,yi meno sauru s </EOW>
yingshanosaurus,yin g shano sauru s </EOW>
yinlong,yin long </EOW>
yixianosaurus,yi xiano sauru s </EOW>
yizhousaurus,yi zho u sauru s </EOW>
yongjinglong,yong jin g long </EOW>
yuanmouraptor,yuan mo ura p tor </EOW>
yuanmousaurus,yuan mo u sauru s </EOW>
yueosaurus,yu eo sauru s </EOW>
yulong,yu long </EOW>
yunganglong,yun gan g long </EOW>
yunmenglong,yun men g long </EOW>
yunnanosaurus,yun nano sauru s </EOW>
yunxianosaurus,yun xiano sauru s </EOW>
yurgovuchia,yur go vu chia </EOW>
yutyrannus,yu tyran n u s </EOW>
zanabazar,zanaba zar </EOW>
zanclodon,zan c lo don </EOW>
zapalasaurus,za pala sauru s </EOW>
zapsalis,za p salis </EOW>
zaraapelta,zara a pelta </EOW>
zatomuszby,zato mu sz by </EOW>
zephyrosaurus,z e phy ro sauru s </EOW>
zhanghenglong,z han g hen g long </EOW>
zhejiangosaurus,z he jiango sauru s </EOW>
zhenyuanlong,z hen yuan long </EOW>
zhongornis,zhongornis </EOW>
zhongjianosaurus,zhong jiano sauru s </EOW>
zhongyuansaurus,zhong yuan sauru s </EOW>
zhuchengceratops,zhuchen g ceratop s </EOW>
zhuchengosaurus,zhuchen go sauru s </EOW>
zhuchengtitan,zhuchen g titan </EOW>
zhuchengtyrannus,zhuchen g tyran n u s </EOW>
ziapelta,z ia pelta </EOW>
zigongosaurus,z i gongo sauru s </EOW>
zizhongosaurus,z i zhongo sauru s </EOW>
zuniceratops,zuni ceratop s </EOW>
zunityrannus,zuni tyran n u s </EOW>
zuolong,zu o long </EOW>
zuoyunlong,zu o yun long </EOW>
zupaysaurus,zu pa y sauru s </EOW>
zuul,zu u l </EOW>
